Média,Mediana,Min,Max,Desvio
99.14624591657851,100.0,0.0,100.0,5.906423185991811
4.203443558809527,3.5,0.0,72.66666667,3.663032729208525
1439.9465910097,350.5,38.22,117287.299,4785.695156340845
2.1673243546866403,1.954016842,0.208101922,3.464101615,1.0441572006488344
2.2268394329817536,2.246208927,0.271132637,3.464101615,1.0132097363598327
5014223.635508524,8001856.0,10.0,9995020.0,4557586.0711413575
